{
    "nbody": 6,
    "n_Fourier": 2400,
    "n_int": 4800,
    "mass": [
        1.0,
        1.0,
        1.0,
        1.0,
        1.0,
        1.0
    ],
    "nloop": 1,
    "Action": 364.58195457782386,
    "Grad_Action": 2.2091719890682958e-13,
    "Newton_Error": 3.264997601256593e-14,
    "Min_Distance": 0.026353776266711107,
    "Max_PathLength": 5.728378126384714,
    "Hash": [
        364.58195457782386,
        165.41132339896998,
        256.8819140537151,
        564.7461171587653,
        1663.6683817644764
    ],
    "xinf": -0.06676533781066755,
    "xsup": 0.06676533781066778,
    "yinf": -0.06672610122396663,
    "ysup": 0.0668045743973687,
    "loopnb": [
        6
    ],
    "Targets": [
        [
            0,
            1,
            2,
            3,
            4,
            5
        ]
    ],
    "SpaceRotsUn": [
        [
            [
                [
                    1.0,
                    0.0
                ],
                [
                    0.0,
                    1.0
                ]
            ],
            [
                [
                    1.0,
                    2.4492935982947064e-16
                ],
                [
                    -2.4492935982947064e-16,
                    1.0
                ]
            ],
            [
                [
                    1.0,
                    4.898587196589413e-16
                ],
                [
                    -4.898587196589413e-16,
                    1.0
                ]
            ],
            [
                [
                    1.0,
                    7.347880794884119e-16
                ],
                [
                    -7.347880794884119e-16,
                    1.0
                ]
            ],
            [
                [
                    1.0,
                    9.797174393178826e-16
                ],
                [
                    -9.797174393178826e-16,
                    1.0
                ]
            ],
            [
                [
                    1.0,
                    1.2246467991473533e-15
                ],
                [
                    -1.2246467991473533e-15,
                    1.0
                ]
            ]
        ]
    ],
    "TimeRevsUn": [
        [
            1,
            1,
            1,
            1,
            1,
            1
        ]
    ],
    "TimeShiftNumUn": [
        [
            0,
            5,
            2,
            1,
            1,
            1
        ]
    ],
    "TimeShiftDenUn": [
        [
            1,
            6,
            3,
            2,
            3,
            6
        ]
    ],
    "RequiresLoopDispUn": [
        [
            true,
            false,
            false,
            false,
            false,
            false
        ]
    ]
}